date,state,name,code,cases,deaths
2020-03-27,AC,Acrelândia,120001.0,0.0,0
2020-03-27,AC,Assis Brasil,120005.0,0.0,0
2020-03-27,AC,Brasiléia,120010.0,0.0,0
2020-03-27,AC,Bujari,120013.0,0.0,0
2020-03-27,AC,Capixaba,120017.0,0.0,0
2020-03-27,AC,Cruzeiro do Sul,120020.0,0.0,0
2020-03-27,AC,Epitaciolândia,120025.0,0.0,0
2020-03-27,AC,Feijó,120030.0,0.0,0
2020-03-27,AC,Jordão,120032.0,0.0,0
2020-03-27,AC,Mâncio Lima,120033.0,0.0,0
2020-03-27,AC,Manoel Urbano,120034.0,0.0,0
2020-03-27,AC,Marechal Thaumaturgo,120035.0,0.0,0
2020-03-27,AC,Plácido de Castro,120038.0,0.0,0
2020-03-27,AC,Porto Walter,120039.0,0.0,0
2020-03-27,AC,Rio Branco,120040.0,0.0,0
2020-03-27,AC,Rodrigues Alves,120042.0,0.0,0
2020-03-27,AC,Santa Rosa do Purus,120043.0,0.0,0
2020-03-27,AC,Senador Guiomard,120045.0,0.0,0
2020-03-27,AC,Sena Madureira,120050.0,0.0,0
2020-03-27,AC,Tarauacá,120060.0,0.0,0
2020-03-27,AC,Xapuri,120070.0,0.0,0
2020-03-27,AC,Porto Acre,120080.0,0.0,0
2020-03-27,AL,Água Branca,270010.0,0.0,0
2020-03-27,AL,Anadia,270020.0,0.0,0
2020-03-27,AL,Arapiraca,270030.0,0.0,0
2020-03-27,AL,Atalaia,270040.0,0.0,0
2020-03-27,AL,Barra de Santo Antônio,270050.0,0.0,0
2020-03-27,AL,Barra de São Miguel,270060.0,0.0,0
2020-03-27,AL,Batalha,270070.0,0.0,0
2020-03-27,AL,Belém,270080.0,0.0,0
2020-03-27,AL,Belo Monte,270090.0,0.0,0
2020-03-27,AL,Boca da Mata,270100.0,0.0,0
2020-03-27,AL,Branquinha,270110.0,0.0,0
2020-03-27,AL,Cacimbinhas,270120.0,0.0,0
2020-03-27,AL,Cajueiro,270130.0,0.0,0
2020-03-27,AL,Campestre,270135.0,0.0,0
2020-03-27,AL,Campo Alegre,270140.0,0.0,0
2020-03-27,AL,Campo Grande,270150.0,0.0,0
2020-03-27,AL,Canapi,270160.0,0.0,0
2020-03-27,AL,Capela,270170.0,0.0,0
2020-03-27,AL,Carneiros,270180.0,0.0,0
2020-03-27,AL,Chã Preta,270190.0,0.0,0
2020-03-27,AL,Coité do Nóia,270200.0,0.0,0
2020-03-27,AL,Colônia Leopoldina,270210.0,0.0,0
2020-03-27,AL,Coqueiro Seco,270220.0,0.0,0
2020-03-27,AL,Coruripe,270230.0,0.0,0
2020-03-27,AL,Craíbas,270235.0,0.0,0
2020-03-27,AL,Delmiro Gouveia,270240.0,0.0,0
2020-03-27,AL,Dois Riachos,270250.0,0.0,0
2020-03-27,AL,Estrela de Alagoas,270255.0,0.0,0
2020-03-27,AL,Feira Grande,270260.0,0.0,0
2020-03-27,AL,Feliz Deserto,270270.0,0.0,0
2020-03-27,AL,Flexeiras,270280.0,0.0,0
2020-03-27,AL,Girau do Ponciano,270290.0,0.0,0
2020-03-27,AL,Ibateguara,270300.0,0.0,0
2020-03-27,AL,Igaci,270310.0,0.0,0
2020-03-27,AL,Igreja Nova,270320.0,0.0,0
2020-03-27,AL,Inhapi,270330.0,0.0,0
2020-03-27,AL,Jacaré dos Homens,270340.0,0.0,0
2020-03-27,AL,Jacuípe,270350.0,0.0,0
2020-03-27,AL,Japaratinga,270360.0,0.0,0
2020-03-27,AL,Jaramataia,270370.0,0.0,0
2020-03-27,AL,Jequiá da Praia,270375.0,0.0,0
2020-03-27,AL,Joaquim Gomes,270380.0,0.0,0
2020-03-27,AL,Jundiá,270390.0,0.0,0
2020-03-27,AL,Junqueiro,270400.0,0.0,0
2020-03-27,AL,Lagoa da Canoa,270410.0,0.0,0
2020-03-27,AL,Limoeiro de Anadia,270420.0,0.0,0
2020-03-27,AL,Maceió,270430.0,0.0,0
2020-03-27,AL,Major Isidoro,270440.0,0.0,0
2020-03-27,AL,Maragogi,270450.0,0.0,0
2020-03-27,AL,Maravilha,270460.0,0.0,0
2020-03-27,AL,Marechal Deodoro,270470.0,0.0,0
2020-03-27,AL,Maribondo,270480.0,0.0,0
2020-03-27,AL,Mar Vermelho,270490.0,0.0,0
2020-03-27,AL,Mata Grande,270500.0,0.0,0
2020-03-27,AL,Matriz de Camaragibe,270510.0,0.0,0
2020-03-27,AL,Messias,270520.0,0.0,0
2020-03-27,AL,Minador do Negrão,270530.0,0.0,0
2020-03-27,AL,Monteirópolis,270540.0,0.0,0
2020-03-27,AL,Murici,270550.0,0.0,0
2020-03-27,AL,Novo Lino,270560.0,0.0,0
2020-03-27,AL,Olho d'Água das Flores,270570.0,0.0,0
2020-03-27,AL,Olho d'Água do Casado,270580.0,0.0,0
2020-03-27,AL,Olho d'Água Grande,270590.0,0.0,0
2020-03-27,AL,Olivença,270600.0,0.0,0
2020-03-27,AL,Ouro Branco,270610.0,0.0,0
2020-03-27,AL,Palestina,270620.0,0.0,0
2020-03-27,AL,Palmeira dos Índios,270630.0,0.0,0
2020-03-27,AL,Pão de Açúcar,270640.0,0.0,0
2020-03-27,AL,Pariconha,270642.0,0.0,0
2020-03-27,AL,Paripueira,270644.0,0.0,0
2020-03-27,AL,Passo de Camaragibe,270650.0,0.0,0
2020-03-27,AL,Paulo Jacinto,270660.0,0.0,0
2020-03-27,AL,Penedo,270670.0,0.0,0
2020-03-27,AL,Piaçabuçu,270680.0,0.0,0
2020-03-27,AL,Pilar,270690.0,0.0,0
2020-03-27,AL,Pindoba,270700.0,0.0,0
2020-03-27,AL,Piranhas,270710.0,0.0,0
2020-03-27,AL,Poço das Trincheiras,270720.0,0.0,0
2020-03-27,AL,Porto Calvo,270730.0,0.0,0
2020-03-27,AL,Porto de Pedras,270740.0,0.0,0
2020-03-27,AL,Porto Real do Colégio,270750.0,0.0,0
2020-03-27,AL,Quebrangulo,270760.0,0.0,0
2020-03-27,AL,Rio Largo,270770.0,0.0,0
2020-03-27,AL,Roteiro,270780.0,0.0,0
2020-03-27,AL,Santa Luzia do Norte,270790.0,0.0,0
2020-03-27,AL,Santana do Ipanema,270800.0,0.0,0
2020-03-27,AL,Santana do Mundaú,270810.0,0.0,0
2020-03-27,AL,São Brás,270820.0,0.0,0
2020-03-27,AL,São José da Laje,270830.0,0.0,0
2020-03-27,AL,São José da Tapera,270840.0,0.0,0
2020-03-27,AL,São Luís do Quitunde,270850.0,0.0,0
2020-03-27,AL,São Miguel dos Campos,270860.0,0.0,0
2020-03-27,AL,São Miguel dos Milagres,270870.0,0.0,0
2020-03-27,AL,São Sebastião,270880.0,0.0,0
2020-03-27,AL,Satuba,270890.0,0.0,0
2020-03-27,AL,Senador Rui Palmeira,270895.0,0.0,0
2020-03-27,AL,Tanque d'Arca,270900.0,0.0,0
2020-03-27,AL,Taquarana,270910.0,0.0,0
2020-03-27,AL,Teotônio Vilela,270915.0,0.0,0
2020-03-27,AL,Traipu,270920.0,0.0,0
2020-03-27,AL,União dos Palmares,270930.0,0.0,0
2020-03-27,AL,Viçosa,270940.0,0.0,0
2020-03-27,AM,Alvarães,130002.0,0.0,0
2020-03-27,AM,Amaturá,130006.0,0.0,0
2020-03-27,AM,Anamã,130008.0,0.0,0
2020-03-27,AM,Anori,130010.0,0.0,0
2020-03-27,AM,Apuí,130014.0,0.0,0
2020-03-27,AM,Atalaia do Norte,130020.0,0.0,0
2020-03-27,AM,Autazes,130030.0,0.0,0
2020-03-27,AM,Barcelos,130040.0,0.0,0
2020-03-27,AM,Barreirinha,130050.0,0.0,0
2020-03-27,AM,Benjamin Constant,130060.0,0.0,0
2020-03-27,AM,Beruri,130063.0,0.0,0
2020-03-27,AM,Boa Vista do Ramos,130068.0,0.0,0
2020-03-27,AM,Boca do Acre,130070.0,0.0,0
2020-03-27,AM,Borba,130080.0,0.0,0
2020-03-27,AM,Caapiranga,130083.0,0.0,0
2020-03-27,AM,Canutama,130090.0,0.0,0
2020-03-27,AM,Carauari,130100.0,0.0,0
2020-03-27,AM,Careiro,130110.0,0.0,0
2020-03-27,AM,Careiro da Várzea,130115.0,0.0,0
2020-03-27,AM,Coari,130120.0,0.0,0
2020-03-27,AM,Codajás,130130.0,0.0,0
2020-03-27,AM,Eirunepé,130140.0,0.0,0
2020-03-27,AM,Envira,130150.0,0.0,0
2020-03-27,AM,Fonte Boa,130160.0,0.0,0
2020-03-27,AM,Guajará,130165.0,0.0,0
2020-03-27,AM,Humaitá,130170.0,0.0,0
2020-03-27,AM,Ipixuna,130180.0,0.0,0
2020-03-27,AM,Iranduba,130185.0,0.0,0
2020-03-27,AM,Itacoatiara,130190.0,0.0,0
2020-03-27,AM,Itamarati,130195.0,0.0,0
2020-03-27,AM,Itapiranga,130200.0,0.0,0
2020-03-27,AM,Japurá,130210.0,0.0,0
2020-03-27,AM,Juruá,130220.0,0.0,0
2020-03-27,AM,Jutaí,130230.0,0.0,0
2020-03-27,AM,Lábrea,130240.0,0.0,0
2020-03-27,AM,Manacapuru,130250.0,0.0,0
2020-03-27,AM,Manaquiri,130255.0,0.0,0
2020-03-27,AM,Manaus,130260.0,0.0,0
2020-03-27,AM,Manicoré,130270.0,0.0,0
2020-03-27,AM,Maraã,130280.0,0.0,0
2020-03-27,AM,Maués,130290.0,0.0,0
2020-03-27,AM,Nhamundá,130300.0,0.0,0
2020-03-27,AM,Nova Olinda do Norte,130310.0,0.0,0
2020-03-27,AM,Novo Airão,130320.0,0.0,0
2020-03-27,AM,Novo Aripuanã,130330.0,0.0,0
2020-03-27,AM,Parintins,130340.0,0.0,0
2020-03-27,AM,Pauini,130350.0,0.0,0
2020-03-27,AM,Presidente Figueiredo,130353.0,0.0,0
2020-03-27,AM,Rio Preto da Eva,130356.0,0.0,0
2020-03-27,AM,Santa Isabel do Rio Negro,130360.0,0.0,0
2020-03-27,AM,Santo Antônio do Içá,130370.0,0.0,0
2020-03-27,AM,São Gabriel da Cachoeira,130380.0,0.0,0
2020-03-27,AM,São Paulo de Olivença,130390.0,0.0,0
2020-03-27,AM,São Sebastião do Uatumã,130395.0,0.0,0
2020-03-27,AM,Silves,130400.0,0.0,0
2020-03-27,AM,Tabatinga,130406.0,0.0,0
2020-03-27,AM,Tapauá,130410.0,0.0,0
2020-03-27,AM,Tefé,130420.0,0.0,0
2020-03-27,AM,Tonantins,130423.0,0.0,0
2020-03-27,AM,Uarini,130426.0,0.0,0
2020-03-27,AM,Urucará,130430.0,0.0,0
2020-03-27,AM,Urucurituba,130440.0,0.0,0
2020-03-27,AP,Serra do Navio,160005.0,0.0,0
2020-03-27,AP,Amapá,160010.0,0.0,0
2020-03-27,AP,Pedra Branca do Amapari,160015.0,0.0,0
2020-03-27,AP,Calçoene,160020.0,0.0,0
2020-03-27,AP,Cutias,160021.0,0.0,0
2020-03-27,AP,Ferreira Gomes,160023.0,0.0,0
2020-03-27,AP,Itaubal,160025.0,0.0,0
2020-03-27,AP,Laranjal do Jari,160027.0,0.0,0
2020-03-27,AP,Macapá,160030.0,0.0,0
2020-03-27,AP,Mazagão,160040.0,0.0,0
2020-03-27,AP,Oiapoque,160050.0,0.0,0
2020-03-27,AP,Porto Grande,160053.0,0.0,0
2020-03-27,AP,Pracuúba,160055.0,0.0,0
2020-03-27,AP,Santana,160060.0,0.0,0
2020-03-27,AP,Tartarugalzinho,160070.0,0.0,0
2020-03-27,AP,Vitória do Jari,160080.0,0.0,0
2020-03-27,BA,Abaíra,290010.0,0.0,0
2020-03-27,BA,Abaré,290020.0,0.0,0
2020-03-27,BA,Acajutiba,290030.0,0.0,0
2020-03-27,BA,Adustina,290035.0,0.0,0
2020-03-27,BA,Água Fria,290040.0,0.0,0
2020-03-27,BA,Érico Cardoso,290050.0,0.0,0
2020-03-27,BA,Aiquara,290060.0,0.0,0
2020-03-27,BA,Alagoinhas,290070.0,0.0,0
2020-03-27,BA,Alcobaça,290080.0,0.0,0
2020-03-27,BA,Almadina,290090.0,0.0,0
2020-03-27,BA,Amargosa,290100.0,0.0,0
2020-03-27,BA,Amélia Rodrigues,290110.0,0.0,0
2020-03-27,BA,América Dourada,290115.0,0.0,0
2020-03-27,BA,Anagé,290120.0,0.0,0
2020-03-27,BA,Andaraí,290130.0,0.0,0
2020-03-27,BA,Andorinha,290135.0,0.0,0
2020-03-27,BA,Angical,290140.0,0.0,0
2020-03-27,BA,Anguera,290150.0,0.0,0
2020-03-27,BA,Antas,290160.0,0.0,0
2020-03-27,BA,Antônio Cardoso,290170.0,0.0,0
2020-03-27,BA,Antônio Gonçalves,290180.0,0.0,0
2020-03-27,BA,Aporá,290190.0,0.0,0
2020-03-27,BA,Apuarema,290195.0,0.0,0
2020-03-27,BA,Aracatu,290200.0,0.0,0
2020-03-27,BA,Araçás,290205.0,0.0,0
2020-03-27,BA,Araci,290210.0,0.0,0
2020-03-27,BA,Aramari,290220.0,0.0,0
2020-03-27,BA,Arataca,290225.0,0.0,0
2020-03-27,BA,Aratuípe,290230.0,0.0,0
2020-03-27,BA,Aurelino Leal,290240.0,0.0,0
2020-03-27,BA,Baianópolis,290250.0,0.0,0
2020-03-27,BA,Baixa Grande,290260.0,0.0,0
2020-03-27,BA,Banzaê,290265.0,0.0,0
2020-03-27,BA,Barra,290270.0,0.0,0
2020-03-27,BA,Barra da Estiva,290280.0,0.0,0
2020-03-27,BA,Barra do Choça,290290.0,0.0,0
2020-03-27,BA,Barra do Mendes,290300.0,0.0,0
2020-03-27,BA,Barra do Rocha,290310.0,0.0,0
2020-03-27,BA,Barreiras,290320.0,0.0,0
2020-03-27,BA,Barro Alto,290323.0,0.0,0
2020-03-27,BA,Barrocas,290327.0,0.0,0
2020-03-27,BA,Barro Preto,290330.0,0.0,0
2020-03-27,BA,Belmonte,290340.0,0.0,0
2020-03-27,BA,Belo Campo,290350.0,0.0,0
2020-03-27,BA,Biritinga,290360.0,0.0,0
2020-03-27,BA,Boa Nova,290370.0,0.0,0
2020-03-27,BA,Boa Vista do Tupim,290380.0,0.0,0
2020-03-27,BA,Bom Jesus da Lapa,290390.0,0.0,0
2020-03-27,BA,Bom Jesus da Serra,290395.0,0.0,0
2020-03-27,BA,Boninal,290400.0,0.0,0
2020-03-27,BA,Bonito,290405.0,0.0,0
2020-03-27,BA,Boquira,290410.0,0.0,0
2020-03-27,BA,Botuporã,290420.0,0.0,0
2020-03-27,BA,Brejões,290430.0,0.0,0
2020-03-27,BA,Brejolândia,290440.0,0.0,0
2020-03-27,BA,Brotas de Macaúbas,290450.0,0.0,0
2020-03-27,BA,Brumado,290460.0,0.0,0
2020-03-27,BA,Buerarema,290470.0,0.0,0
2020-03-27,BA,Buritirama,290475.0,0.0,0
2020-03-27,BA,Caatiba,290480.0,0.0,0
2020-03-27,BA,Cabaceiras do Paraguaçu,290485.0,0.0,0
2020-03-27,BA,Cachoeira,290490.0,0.0,0
2020-03-27,BA,Caculé,290500.0,0.0,0
2020-03-27,BA,Caém,290510.0,0.0,0
2020-03-27,BA,Caetanos,290515.0,0.0,0
2020-03-27,BA,Caetité,290520.0,0.0,0
2020-03-27,BA,Cafarnaum,290530.0,0.0,0
2020-03-27,BA,Cairu,290540.0,0.0,0
2020-03-27,BA,Caldeirão Grande,290550.0,0.0,0
2020-03-27,BA,Camacan,290560.0,0.0,0
2020-03-27,BA,Camaçari,290570.0,0.0,0
2020-03-27,BA,Camamu,290580.0,0.0,0
2020-03-27,BA,Campo Alegre de Lourdes,290590.0,0.0,0
2020-03-27,BA,Campo Formoso,290600.0,0.0,0
2020-03-27,BA,Canápolis,290610.0,0.0,0
2020-03-27,BA,Canarana,290620.0,0.0,0
2020-03-27,BA,Canavieiras,290630.0,0.0,0
2020-03-27,BA,Candeal,290640.0,0.0,0
2020-03-27,BA,Candeias,290650.0,0.0,0
2020-03-27,BA,Candiba,290660.0,0.0,0
2020-03-27,BA,Cândido Sales,290670.0,0.0,0
2020-03-27,BA,Cansanção,290680.0,0.0,0
2020-03-27,BA,Canudos,290682.0,0.0,0
2020-03-27,BA,Capela do Alto Alegre,290685.0,0.0,0
2020-03-27,BA,Capim Grosso,290687.0,0.0,0
2020-03-27,BA,Caraíbas,290689.0,0.0,0
2020-03-27,BA,Caravelas,290690.0,0.0,0
2020-03-27,BA,Cardeal da Silva,290700.0,0.0,0
2020-03-27,BA,Carinhanha,290710.0,0.0,0
2020-03-27,BA,Casa Nova,290720.0,0.0,0
2020-03-27,BA,Castro Alves,290730.0,0.0,0
2020-03-27,BA,Catolândia,290740.0,0.0,0
2020-03-27,BA,Catu,290750.0,0.0,0
2020-03-27,BA,Caturama,290755.0,0.0,0
2020-03-27,BA,Central,290760.0,0.0,0
2020-03-27,BA,Chorrochó,290770.0,0.0,0
2020-03-27,BA,Cícero Dantas,290780.0,0.0,0
2020-03-27,BA,Cipó,290790.0,0.0,0
2020-03-27,BA,Coaraci,290800.0,0.0,0
2020-03-27,BA,Cocos,290810.0,0.0,0
2020-03-27,BA,Conceição da Feira,290820.0,0.0,0
2020-03-27,BA,Conceição do Almeida,290830.0,0.0,0
2020-03-27,BA,Conceição do Coité,290840.0,0.0,0
2020-03-27,BA,Conceição do Jacuípe,290850.0,0.0,0
2020-03-27,BA,Conde,290860.0,0.0,0
2020-03-27,BA,Condeúba,290870.0,0.0,0
2020-03-27,BA,Contendas do Sincorá,290880.0,0.0,0
2020-03-27,BA,Coração de Maria,290890.0,0.0,0
2020-03-27,BA,Cordeiros,290900.0,0.0,0
2020-03-27,BA,Coribe,290910.0,0.0,0
2020-03-27,BA,Coronel João Sá,290920.0,0.0,0
2020-03-27,BA,Correntina,290930.0,0.0,0
2020-03-27,BA,Cotegipe,290940.0,0.0,0
2020-03-27,BA,Cravolândia,290950.0,0.0,0
2020-03-27,BA,Crisópolis,290960.0,0.0,0
2020-03-27,BA,Cristópolis,290970.0,0.0,0
2020-03-27,BA,Cruz das Almas,290980.0,0.0,0
2020-03-27,BA,Curaçá,290990.0,0.0,0
2020-03-27,BA,Dário Meira,291000.0,0.0,0
2020-03-27,BA,Dias d'Ávila,291005.0,0.0,0
2020-03-27,BA,Dom Basílio,291010.0,0.0,0
2020-03-27,BA,Dom Macedo Costa,291020.0,0.0,0
2020-03-27,BA,Elísio Medrado,291030.0,0.0,0
2020-03-27,BA,Encruzilhada,291040.0,0.0,0
2020-03-27,BA,Entre Rios,291050.0,0.0,0
2020-03-27,BA,Esplanada,291060.0,0.0,0
2020-03-27,BA,Euclides da Cunha,291070.0,0.0,0
2020-03-27,BA,Eunápolis,291072.0,0.0,0
2020-03-27,BA,Fátima,291075.0,0.0,0
2020-03-27,BA,Feira da Mata,291077.0,0.0,0
2020-03-27,BA,Feira de Santana,291080.0,0.0,0
2020-03-27,BA,Filadélfia,291085.0,0.0,0
2020-03-27,BA,Firmino Alves,291090.0,0.0,0
2020-03-27,BA,Floresta Azul,291100.0,0.0,0
2020-03-27,BA,Formosa do Rio Preto,291110.0,0.0,0
2020-03-27,BA,Gandu,291120.0,0.0,0
2020-03-27,BA,Gavião,291125.0,0.0,0
2020-03-27,BA,Gentio do Ouro,291130.0,0.0,0
2020-03-27,BA,Glória,291140.0,0.0,0
2020-03-27,BA,Gongogi,291150.0,0.0,0
2020-03-27,BA,Governador Mangabeira,291160.0,0.0,0
2020-03-27,BA,Guajeru,291165.0,0.0,0
2020-03-27,BA,Guanambi,291170.0,0.0,0
2020-03-27,BA,Guaratinga,291180.0,0.0,0
2020-03-27,BA,Heliópolis,291185.0,0.0,0
2020-03-27,BA,Iaçu,291190.0,0.0,0
2020-03-27,BA,Ibiassucê,291200.0,0.0,0
2020-03-27,BA,Ibicaraí,291210.0,0.0,0
2020-03-27,BA,Ibicoara,291220.0,0.0,0
2020-03-27,BA,Ibicuí,291230.0,0.0,0
2020-03-27,BA,Ibipeba,291240.0,0.0,0
2020-03-27,BA,Ibipitanga,291250.0,0.0,0
2020-03-27,BA,Ibiquera,291260.0,0.0,0
2020-03-27,BA,Ibirapitanga,291270.0,0.0,0
2020-03-27,BA,Ibirapuã,291280.0,0.0,0
2020-03-27,BA,Ibirataia,291290.0,0.0,0
2020-03-27,BA,Ibitiara,291300.0,0.0,0
2020-03-27,BA,Ibititá,291310.0,0.0,0
2020-03-27,BA,Ibotirama,291320.0,0.0,0
2020-03-27,BA,Ichu,291330.0,0.0,0
2020-03-27,BA,Igaporã,291340.0,0.0,0
2020-03-27,BA,Igrapiúna,291345.0,0.0,0
2020-03-27,BA,Iguaí,291350.0,0.0,0
2020-03-27,BA,Ilhéus,291360.0,0.0,0
2020-03-27,BA,Inhambupe,291370.0,0.0,0
2020-03-27,BA,Ipecaetá,291380.0,0.0,0
2020-03-27,BA,Ipiaú,291390.0,0.0,0
2020-03-27,BA,Ipirá,291400.0,0.0,0
2020-03-27,BA,Ipupiara,291410.0,0.0,0
2020-03-27,BA,Irajuba,291420.0,0.0,0
2020-03-27,BA,Iramaia,291430.0,0.0,0
2020-03-27,BA,Iraquara,291440.0,0.0,0
2020-03-27,BA,Irará,291450.0,0.0,0
2020-03-27,BA,Irecê,291460.0,0.0,0
2020-03-27,BA,Itabela,291465.0,0.0,0
2020-03-27,BA,Itaberaba,291470.0,0.0,0
2020-03-27,BA,Itabuna,291480.0,0.0,0
2020-03-27,BA,Itacaré,291490.0,0.0,0
2020-03-27,BA,Itaeté,291500.0,0.0,0
2020-03-27,BA,Itagi,291510.0,0.0,0
2020-03-27,BA,Itagibá,291520.0,0.0,0
2020-03-27,BA,Itagimirim,291530.0,0.0,0
2020-03-27,BA,Itaguaçu da Bahia,291535.0,0.0,0
2020-03-27,BA,Itaju do Colônia,291540.0,0.0,0
2020-03-27,BA,Itajuípe,291550.0,0.0,0
2020-03-27,BA,Itamaraju,291560.0,0.0,0
2020-03-27,BA,Itamari,291570.0,0.0,0
2020-03-27,BA,Itambé,291580.0,0.0,0
2020-03-27,BA,Itanagra,291590.0,0.0,0
2020-03-27,BA,Itanhém,291600.0,0.0,0
2020-03-27,BA,Itaparica,291610.0,0.0,0
2020-03-27,BA,Itapé,291620.0,0.0,0
2020-03-27,BA,Itapebi,291630.0,0.0,0
2020-03-27,BA,Itapetinga,291640.0,0.0,0
2020-03-27,BA,Itapicuru,291650.0,0.0,0
2020-03-27,BA,Itapitanga,291660.0,0.0,0
2020-03-27,BA,Itaquara,291670.0,0.0,0
2020-03-27,BA,Itarantim,291680.0,0.0,0
2020-03-27,BA,Itatim,291685.0,0.0,0
2020-03-27,BA,Itiruçu,291690.0,0.0,0
2020-03-27,BA,Itiúba,291700.0,0.0,0
2020-03-27,BA,Itororó,291710.0,0.0,0
2020-03-27,BA,Ituaçu,291720.0,0.0,0
2020-03-27,BA,Ituberá,291730.0,0.0,0
2020-03-27,BA,Iuiu,291733.0,0.0,0
2020-03-27,BA,Jaborandi,291735.0,0.0,0
2020-03-27,BA,Jacaraci,291740.0,0.0,0
2020-03-27,BA,Jacobina,291750.0,0.0,0
2020-03-27,BA,Jaguaquara,291760.0,0.0,0
2020-03-27,BA,Jaguarari,291770.0,0.0,0
2020-03-27,BA,Jaguaripe,291780.0,0.0,0
2020-03-27,BA,Jandaíra,291790.0,0.0,0
2020-03-27,BA,Jequié,291800.0,0.0,0
2020-03-27,BA,Jeremoabo,291810.0,0.0,0
2020-03-27,BA,Jiquiriçá,291820.0,0.0,0
2020-03-27,BA,Jitaúna,291830.0,0.0,0
2020-03-27,BA,João Dourado,291835.0,0.0,0
2020-03-27,BA,Juazeiro,291840.0,0.0,0
2020-03-27,BA,Jucuruçu,291845.0,0.0,0
2020-03-27,BA,Jussara,291850.0,0.0,0
2020-03-27,BA,Jussari,291855.0,0.0,0
2020-03-27,BA,Jussiape,291860.0,0.0,0
2020-03-27,BA,Lafaiete Coutinho,291870.0,0.0,0
2020-03-27,BA,Lagoa Real,291875.0,0.0,0
2020-03-27,BA,Laje,291880.0,0.0,0
2020-03-27,BA,Lajedão,291890.0,0.0,0
2020-03-27,BA,Lajedinho,291900.0,0.0,0
2020-03-27,BA,Lajedo do Tabocal,291905.0,0.0,0
2020-03-27,BA,Lamarão,291910.0,0.0,0
2020-03-27,BA,Lapão,291915.0,0.0,0
2020-03-27,BA,Lauro de Freitas,291920.0,0.0,0
2020-03-27,BA,Lençóis,291930.0,0.0,0
2020-03-27,BA,Licínio de Almeida,291940.0,0.0,0
2020-03-27,BA,Livramento de Nossa Senhora,291950.0,0.0,0
2020-03-27,BA,Luís Eduardo Magalhães,291955.0,0.0,0
2020-03-27,BA,Macajuba,291960.0,0.0,0
2020-03-27,BA,Macarani,291970.0,0.0,0
2020-03-27,BA,Macaúbas,291980.0,0.0,0
2020-03-27,BA,Macururé,291990.0,0.0,0
2020-03-27,BA,Madre de Deus,291992.0,0.0,0
2020-03-27,BA,Maetinga,291995.0,0.0,0
2020-03-27,BA,Maiquinique,292000.0,0.0,0
2020-03-27,BA,Mairi,292010.0,0.0,0
2020-03-27,BA,Malhada,292020.0,0.0,0
2020-03-27,BA,Malhada de Pedras,292030.0,0.0,0
2020-03-27,BA,Manoel Vitorino,292040.0,0.0,0
2020-03-27,BA,Mansidão,292045.0,0.0,0
2020-03-27,BA,Maracás,292050.0,0.0,0
2020-03-27,BA,Maragogipe,292060.0,0.0,0
2020-03-27,BA,Maraú,292070.0,0.0,0
2020-03-27,BA,Marcionílio Souza,292080.0,0.0,0
2020-03-27,BA,Mascote,292090.0,0.0,0
2020-03-27,BA,Mata de São João,292100.0,0.0,0
2020-03-27,BA,Matina,292105.0,0.0,0
2020-03-27,BA,Medeiros Neto,292110.0,0.0,0
2020-03-27,BA,Miguel Calmon,292120.0,0.0,0
2020-03-27,BA,Milagres,292130.0,0.0,0
2020-03-27,BA,Mirangaba,292140.0,0.0,0
2020-03-27,BA,Mirante,292145.0,0.0,0
2020-03-27,BA,Monte Santo,292150.0,0.0,0
2020-03-27,BA,Morpará,292160.0,0.0,0
2020-03-27,BA,Morro do Chapéu,292170.0,0.0,0
2020-03-27,BA,Mortugaba,292180.0,0.0,0
2020-03-27,BA,Mucugê,292190.0,0.0,0
2020-03-27,BA,Mucuri,292200.0,0.0,0
2020-03-27,BA,Mulungu do Morro,292205.0,0.0,0
2020-03-27,BA,Mundo Novo,292210.0,0.0,0
2020-03-27,BA,Muniz Ferreira,292220.0,0.0,0
2020-03-27,BA,Muquém do São Francisco,292225.0,0.0,0
2020-03-27,BA,Muritiba,292230.0,0.0,0
2020-03-27,BA,Mutuípe,292240.0,0.0,0
2020-03-27,BA,Nazaré,292250.0,0.0,0
2020-03-27,BA,Nilo Peçanha,292260.0,0.0,0
2020-03-27,BA,Nordestina,292265.0,0.0,0
2020-03-27,BA,Nova Canaã,292270.0,0.0,0
2020-03-27,BA,Nova Fátima,292273.0,0.0,0
2020-03-27,BA,Nova Ibiá,292275.0,0.0,0
2020-03-27,BA,Nova Itarana,292280.0,0.0,0
2020-03-27,BA,Nova Redenção,292285.0,0.0,0
2020-03-27,BA,Nova Soure,292290.0,0.0,0
2020-03-27,BA,Nova Viçosa,292300.0,0.0,0
2020-03-27,BA,Novo Horizonte,292303.0,0.0,0
2020-03-27,BA,Novo Triunfo,292305.0,0.0,0
2020-03-27,BA,Olindina,292310.0,0.0,0
2020-03-27,BA,Oliveira dos Brejinhos,292320.0,0.0,0
2020-03-27,BA,Ouriçangas,292330.0,0.0,0
2020-03-27,BA,Ourolândia,292335.0,0.0,0
2020-03-27,BA,Palmas de Monte Alto,292340.0,0.0,0
2020-03-27,BA,Palmeiras,292350.0,0.0,0
2020-03-27,BA,Paramirim,292360.0,0.0,0
2020-03-27,BA,Paratinga,292370.0,0.0,0
2020-03-27,BA,Paripiranga,292380.0,0.0,0
2020-03-27,BA,Pau Brasil,292390.0,0.0,0
2020-03-27,BA,Paulo Afonso,292400.0,0.0,0
2020-03-27,BA,Pé de Serra,292405.0,0.0,0
2020-03-27,BA,Pedrão,292410.0,0.0,0
2020-03-27,BA,Pedro Alexandre,292420.0,0.0,0
2020-03-27,BA,Piatã,292430.0,0.0,0
2020-03-27,BA,Pilão Arcado,292440.0,0.0,0
2020-03-27,BA,Pindaí,292450.0,0.0,0
2020-03-27,BA,Pindobaçu,292460.0,0.0,0
2020-03-27,BA,Pintadas,292465.0,0.0,0
2020-03-27,BA,Piraí do Norte,292467.0,0.0,0
2020-03-27,BA,Piripá,292470.0,0.0,0
2020-03-27,BA,Piritiba,292480.0,0.0,0
2020-03-27,BA,Planaltino,292490.0,0.0,0
2020-03-27,BA,Planalto,292500.0,0.0,0
2020-03-27,BA,Poções,292510.0,0.0,0
2020-03-27,BA,Pojuca,292520.0,0.0,0
2020-03-27,BA,Ponto Novo,292525.0,0.0,0
2020-03-27,BA,Porto Seguro,292530.0,0.0,0
2020-03-27,BA,Potiraguá,292540.0,0.0,0
2020-03-27,BA,Prado,292550.0,0.0,0
2020-03-27,BA,Presidente Dutra,292560.0,0.0,0
2020-03-27,BA,Presidente Jânio Quadros,292570.0,0.0,0
2020-03-27,BA,Presidente Tancredo Neves,292575.0,0.0,0
2020-03-27,BA,Queimadas,292580.0,0.0,0
2020-03-27,BA,Quijingue,292590.0,0.0,0
2020-03-27,BA,Quixabeira,292593.0,0.0,0
2020-03-27,BA,Rafael Jambeiro,292595.0,0.0,0
2020-03-27,BA,Remanso,292600.0,0.0,0
2020-03-27,BA,Retirolândia,292610.0,0.0,0
2020-03-27,BA,Riachão das Neves,292620.0,0.0,0
2020-03-27,BA,Riachão do Jacuípe,292630.0,0.0,0
2020-03-27,BA,Riacho de Santana,292640.0,0.0,0
2020-03-27,BA,Ribeira do Amparo,292650.0,0.0,0
2020-03-27,BA,Ribeira do Pombal,292660.0,0.0,0
2020-03-27,BA,Ribeirão do Largo,292665.0,0.0,0
2020-03-27,BA,Rio de Contas,292670.0,0.0,0
2020-03-27,BA,Rio do Antônio,292680.0,0.0,0
2020-03-27,BA,Rio do Pires,292690.0,0.0,0
2020-03-27,BA,Rio Real,292700.0,0.0,0
2020-03-27,BA,Rodelas,292710.0,0.0,0
2020-03-27,BA,Ruy Barbosa,292720.0,0.0,0
2020-03-27,BA,Salinas da Margarida,292730.0,0.0,0
2020-03-27,BA,Salvador,292740.0,0.0,0
2020-03-27,BA,Santa Bárbara,292750.0,0.0,0
2020-03-27,BA,Santa Brígida,292760.0,0.0,0
2020-03-27,BA,Santa Cruz Cabrália,292770.0,0.0,0
2020-03-27,BA,Santa Cruz da Vitória,292780.0,0.0,0
2020-03-27,BA,Santa Inês,292790.0,0.0,0
2020-03-27,BA,Santaluz,292800.0,0.0,0
2020-03-27,BA,Santa Luzia,292805.0,0.0,0
2020-03-27,BA,Santa Maria da Vitória,292810.0,0.0,0
2020-03-27,BA,Santana,292820.0,0.0,0
2020-03-27,BA,Santanópolis,292830.0,0.0,0
2020-03-27,BA,Santa Rita de Cássia,292840.0,0.0,0
2020-03-27,BA,Santa Terezinha,292850.0,0.0,0
2020-03-27,BA,Santo Amaro,292860.0,0.0,0
2020-03-27,BA,Santo Antônio de Jesus,292870.0,0.0,0
2020-03-27,BA,Santo Estêvão,292880.0,0.0,0
2020-03-27,BA,São Desidério,292890.0,0.0,0
2020-03-27,BA,São Domingos,292895.0,0.0,0
2020-03-27,BA,São Félix,292900.0,0.0,0
2020-03-27,BA,São Félix do Coribe,292905.0,0.0,0
2020-03-27,BA,São Felipe,292910.0,0.0,0
2020-03-27,BA,São Francisco do Conde,292920.0,0.0,0
2020-03-27,BA,São Gabriel,292925.0,0.0,0
2020-03-27,BA,São Gonçalo dos Campos,292930.0,0.0,0
2020-03-27,BA,São José da Vitória,292935.0,0.0,0
2020-03-27,BA,São José do Jacuípe,292937.0,0.0,0
2020-03-27,BA,São Miguel das Matas,292940.0,0.0,0
2020-03-27,BA,São Sebastião do Passé,292950.0,0.0,0
2020-03-27,BA,Sapeaçu,292960.0,0.0,0
2020-03-27,BA,Sátiro Dias,292970.0,0.0,0
2020-03-27,BA,Saubara,292975.0,0.0,0
2020-03-27,BA,Saúde,292980.0,0.0,0
2020-03-27,BA,Seabra,292990.0,0.0,0
2020-03-27,BA,Sebastião Laranjeiras,293000.0,0.0,0
2020-03-27,BA,Senhor do Bonfim,293010.0,0.0,0
2020-03-27,BA,Serra do Ramalho,293015.0,0.0,0
2020-03-27,BA,Sento Sé,293020.0,0.0,0
2020-03-27,BA,Serra Dourada,293030.0,0.0,0
2020-03-27,BA,Serra Preta,293040.0,0.0,0
2020-03-27,BA,Serrinha,293050.0,0.0,0
2020-03-27,BA,Serrolândia,293060.0,0.0,0
2020-03-27,BA,Simões Filho,293070.0,0.0,0
2020-03-27,BA,Sítio do Mato,293075.0,0.0,0
2020-03-27,BA,Sítio do Quinto,293076.0,0.0,0
2020-03-27,BA,Sobradinho,293077.0,0.0,0
2020-03-27,BA,Souto Soares,293080.0,0.0,0
2020-03-27,BA,Tabocas do Brejo Velho,293090.0,0.0,0
2020-03-27,BA,Tanhaçu,293100.0,0.0,0
2020-03-27,BA,Tanque Novo,293105.0,0.0,0
2020-03-27,BA,Tanquinho,293110.0,0.0,0
2020-03-27,BA,Taperoá,293120.0,0.0,0
2020-03-27,BA,Tapiramutá,293130.0,0.0,0
2020-03-27,BA,Teixeira de Freitas,293135.0,0.0,0
2020-03-27,BA,Teodoro Sampaio,293140.0,0.0,0
2020-03-27,BA,Teofilândia,293150.0,0.0,0
2020-03-27,BA,Teolândia,293160.0,0.0,0
2020-03-27,BA,Terra Nova,293170.0,0.0,0
2020-03-27,BA,Tremedal,293180.0,0.0,0
2020-03-27,BA,Tucano,293190.0,0.0,0
2020-03-27,BA,Uauá,293200.0,0.0,0
2020-03-27,BA,Ubaíra,293210.0,0.0,0
2020-03-27,BA,Ubaitaba,293220.0,0.0,0
2020-03-27,BA,Ubatã,293230.0,0.0,0
2020-03-27,BA,Uibaí,293240.0,0.0,0
2020-03-27,BA,Umburanas,293245.0,0.0,0
2020-03-27,BA,Una,293250.0,0.0,0
2020-03-27,BA,Urandi,293260.0,0.0,0
2020-03-27,BA,Uruçuca,293270.0,0.0,0
2020-03-27,BA,Utinga,293280.0,0.0,0
2020-03-27,BA,Valença,293290.0,0.0,0
2020-03-27,BA,Valente,293300.0,0.0,0
2020-03-27,BA,Várzea da Roça,293305.0,0.0,0
2020-03-27,BA,Várzea do Poço,293310.0,0.0,0
2020-03-27,BA,Várzea Nova,293315.0,0.0,0
2020-03-27,BA,Varzedo,293317.0,0.0,0
2020-03-27,BA,Vera Cruz,293320.0,0.0,0
2020-03-27,BA,Vereda,293325.0,0.0,0
2020-03-27,BA,Vitória da Conquista,293330.0,0.0,0
2020-03-27,BA,Wagner,293340.0,0.0,0
2020-03-27,BA,Wanderley,293345.0,0.0,0
2020-03-27,BA,Wenceslau Guimarães,293350.0,0.0,0
2020-03-27,BA,Xique-Xique,293360.0,0.0,0
2020-03-27,CE,Abaiara,230010.0,0.0,0
2020-03-27,CE,Acarape,230015.0,0.0,0
2020-03-27,CE,Acaraú,230020.0,0.0,0
2020-03-27,CE,Acopiara,230030.0,0.0,0
2020-03-27,CE,Aiuaba,230040.0,0.0,0
2020-03-27,CE,Alcântaras,230050.0,0.0,0
2020-03-27,CE,Altaneira,230060.0,0.0,0
2020-03-27,CE,Alto Santo,230070.0,0.0,0
2020-03-27,CE,Amontada,230075.0,0.0,0
2020-03-27,CE,Antonina do Norte,230080.0,0.0,0
2020-03-27,CE,Apuiarés,230090.0,0.0,0
2020-03-27,CE,Aquiraz,230100.0,0.0,0
2020-03-27,CE,Aracati,230110.0,0.0,0
2020-03-27,CE,Aracoiaba,230120.0,0.0,0
2020-03-27,CE,Ararendá,230125.0,0.0,0
2020-03-27,CE,Araripe,230130.0,0.0,0
2020-03-27,CE,Aratuba,230140.0,0.0,0
2020-03-27,CE,Arneiroz,230150.0,0.0,0
2020-03-27,CE,Assaré,230160.0,0.0,0
2020-03-27,CE,Aurora,230170.0,0.0,0
2020-03-27,CE,Baixio,230180.0,0.0,0
2020-03-27,CE,Banabuiú,230185.0,0.0,0
2020-03-27,CE,Barbalha,230190.0,0.0,0
2020-03-27,CE,Barreira,230195.0,0.0,0
2020-03-27,CE,Barro,230200.0,0.0,0
2020-03-27,CE,Barroquinha,230205.0,0.0,0
2020-03-27,CE,Baturité,230210.0,0.0,0
2020-03-27,CE,Beberibe,230220.0,0.0,0
2020-03-27,CE,Bela Cruz,230230.0,0.0,0
2020-03-27,CE,Boa Viagem,230240.0,0.0,0
2020-03-27,CE,Brejo Santo,230250.0,0.0,0
2020-03-27,CE,Camocim,230260.0,0.0,0
2020-03-27,CE,Campos Sales,230270.0,0.0,0
2020-03-27,CE,Canindé,230280.0,0.0,0
2020-03-27,CE,Capistrano,230290.0,0.0,0
2020-03-27,CE,Caridade,230300.0,0.0,0
2020-03-27,CE,Cariré,230310.0,0.0,0
2020-03-27,CE,Caririaçu,230320.0,0.0,0
2020-03-27,CE,Cariús,230330.0,0.0,0
2020-03-27,CE,Carnaubal,230340.0,0.0,0
2020-03-27,CE,Cascavel,230350.0,0.0,0
2020-03-27,CE,Catarina,230360.0,0.0,0
2020-03-27,CE,Catunda,230365.0,0.0,0
2020-03-27,CE,Caucaia,230370.0,0.0,0
2020-03-27,CE,Cedro,230380.0,0.0,0
2020-03-27,CE,Chaval,230390.0,0.0,0
2020-03-27,CE,Choró,230393.0,0.0,0
2020-03-27,CE,Chorozinho,230395.0,0.0,0
2020-03-27,CE,Coreaú,230400.0,0.0,0
2020-03-27,CE,Crateús,230410.0,0.0,0
2020-03-27,CE,Crato,230420.0,0.0,0
2020-03-27,CE,Croatá,230423.0,0.0,0
2020-03-27,CE,Cruz,230425.0,0.0,0
2020-03-27,CE,Deputado Irapuan Pinheiro,230426.0,0.0,0
2020-03-27,CE,Ereré,230427.0,0.0,0
2020-03-27,CE,Eusébio,230428.0,0.0,0
2020-03-27,CE,Farias Brito,230430.0,0.0,0
2020-03-27,CE,Forquilha,230435.0,0.0,0
2020-03-27,CE,Fortaleza,230440.0,0.0,0
2020-03-27,CE,Fortim,230445.0,0.0,0
2020-03-27,CE,Frecheirinha,230450.0,0.0,0
2020-03-27,CE,General Sampaio,230460.0,0.0,0
2020-03-27,CE,Graça,230465.0,0.0,0
2020-03-27,CE,Granja,230470.0,0.0,0
2020-03-27,CE,Granjeiro,230480.0,0.0,0
2020-03-27,CE,Groaíras,230490.0,0.0,0
2020-03-27,CE,Guaiúba,230495.0,0.0,0
2020-03-27,CE,Guaraciaba do Norte,230500.0,0.0,0
2020-03-27,CE,Guaramiranga,230510.0,0.0,0
2020-03-27,CE,Hidrolândia,230520.0,0.0,0
2020-03-27,CE,Horizonte,230523.0,0.0,0
2020-03-27,CE,Ibaretama,230526.0,0.0,0
2020-03-27,CE,Ibiapina,230530.0,0.0,0
2020-03-27,CE,Ibicuitinga,230533.0,0.0,0
2020-03-27,CE,Icapuí,230535.0,0.0,0
2020-03-27,CE,Icó,230540.0,0.0,0
2020-03-27,CE,Iguatu,230550.0,0.0,0
2020-03-27,CE,Independência,230560.0,0.0,0
2020-03-27,CE,Ipaporanga,230565.0,0.0,0
2020-03-27,CE,Ipaumirim,230570.0,0.0,0
2020-03-27,CE,Ipu,230580.0,0.0,0
2020-03-27,CE,Ipueiras,230590.0,0.0,0
2020-03-27,CE,Iracema,230600.0,0.0,0
2020-03-27,CE,Irauçuba,230610.0,0.0,0
2020-03-27,CE,Itaiçaba,230620.0,0.0,0
2020-03-27,CE,Itaitinga,230625.0,0.0,0
2020-03-27,CE,Itapajé,230630.0,0.0,0
2020-03-27,CE,Itapipoca,230640.0,0.0,0
2020-03-27,CE,Itapiúna,230650.0,0.0,0
2020-03-27,CE,Itarema,230655.0,0.0,0
2020-03-27,CE,Itatira,230660.0,0.0,0
2020-03-27,CE,Jaguaretama,230670.0,0.0,0
2020-03-27,CE,Jaguaribara,230680.0,0.0,0
2020-03-27,CE,Jaguaribe,230690.0,0.0,0
2020-03-27,CE,Jaguaruana,230700.0,0.0,0
2020-03-27,CE,Jardim,230710.0,0.0,0
2020-03-27,CE,Jati,230720.0,0.0,0
2020-03-27,CE,Jijoca de Jericoacoara,230725.0,0.0,0
2020-03-27,CE,Juazeiro do Norte,230730.0,0.0,0
2020-03-27,CE,Jucás,230740.0,0.0,0
2020-03-27,CE,Lavras da Mangabeira,230750.0,0.0,0
2020-03-27,CE,Limoeiro do Norte,230760.0,0.0,0
2020-03-27,CE,Madalena,230763.0,0.0,0
2020-03-27,CE,Maracanaú,230765.0,0.0,0
2020-03-27,CE,Maranguape,230770.0,0.0,0
2020-03-27,CE,Marco,230780.0,0.0,0
2020-03-27,CE,Martinópole,230790.0,0.0,0
2020-03-27,CE,Massapê,230800.0,0.0,0
2020-03-27,CE,Mauriti,230810.0,0.0,0
2020-03-27,CE,Meruoca,230820.0,0.0,0
2020-03-27,CE,Milagres,230830.0,0.0,0
2020-03-27,CE,Milhã,230835.0,0.0,0
2020-03-27,CE,Miraíma,230837.0,0.0,0
2020-03-27,CE,Missão Velha,230840.0,0.0,0
2020-03-27,CE,Mombaça,230850.0,0.0,0
2020-03-27,CE,Monsenhor Tabosa,230860.0,0.0,0
2020-03-27,CE,Morada Nova,230870.0,0.0,0
2020-03-27,CE,Moraújo,230880.0,0.0,0
2020-03-27,CE,Morrinhos,230890.0,0.0,0
2020-03-27,CE,Mucambo,230900.0,0.0,0
2020-03-27,CE,Mulungu,230910.0,0.0,0
2020-03-27,CE,Nova Olinda,230920.0,0.0,0
2020-03-27,CE,Nova Russas,230930.0,0.0,0
2020-03-27,CE,Novo Oriente,230940.0,0.0,0
2020-03-27,CE,Ocara,230945.0,0.0,0
2020-03-27,CE,Orós,230950.0,0.0,0
2020-03-27,CE,Pacajus,230960.0,0.0,0
2020-03-27,CE,Pacatuba,230970.0,0.0,0
2020-03-27,CE,Pacoti,230980.0,0.0,0
2020-03-27,CE,Pacujá,230990.0,0.0,0
2020-03-27,CE,Palhano,231000.0,0.0,0
2020-03-27,CE,Palmácia,231010.0,0.0,0
2020-03-27,CE,Paracuru,231020.0,0.0,0
2020-03-27,CE,Paraipaba,231025.0,0.0,0
2020-03-27,CE,Parambu,231030.0,0.0,0
2020-03-27,CE,Paramoti,231040.0,0.0,0
2020-03-27,CE,Pedra Branca,231050.0,0.0,0
2020-03-27,CE,Penaforte,231060.0,0.0,0
2020-03-27,CE,Pentecoste,231070.0,0.0,0
2020-03-27,CE,Pereiro,231080.0,0.0,0
2020-03-27,CE,Pindoretama,231085.0,0.0,0
2020-03-27,CE,Piquet Carneiro,231090.0,0.0,0
2020-03-27,CE,Pires Ferreira,231095.0,0.0,0
2020-03-27,CE,Poranga,231100.0,0.0,0
2020-03-27,CE,Porteiras,231110.0,0.0,0
2020-03-27,CE,Potengi,231120.0,0.0,0
2020-03-27,CE,Potiretama,231123.0,0.0,0
2020-03-27,CE,Quiterianópolis,231126.0,0.0,0
2020-03-27,CE,Quixadá,231130.0,0.0,0
2020-03-27,CE,Quixelô,231135.0,0.0,0
2020-03-27,CE,Quixeramobim,231140.0,0.0,0
2020-03-27,CE,Quixeré,231150.0,0.0,0
2020-03-27,CE,Redenção,231160.0,0.0,0
2020-03-27,CE,Reriutaba,231170.0,0.0,0
2020-03-27,CE,Russas,231180.0,0.0,0
2020-03-27,CE,Saboeiro,231190.0,0.0,0
2020-03-27,CE,Salitre,231195.0,0.0,0
2020-03-27,CE,Santana do Acaraú,231200.0,0.0,0
2020-03-27,CE,Santana do Cariri,231210.0,0.0,0
2020-03-27,CE,Santa Quitéria,231220.0,0.0,0
2020-03-27,CE,São Benedito,231230.0,0.0,0
2020-03-27,CE,São Gonçalo do Amarante,231240.0,0.0,0
2020-03-27,CE,São João do Jaguaribe,231250.0,0.0,0
2020-03-27,CE,São Luís do Curu,231260.0,0.0,0
2020-03-27,CE,Senador Pompeu,231270.0,0.0,0
2020-03-27,CE,Senador Sá,231280.0,0.0,0
2020-03-27,CE,Sobral,231290.0,0.0,0
2020-03-27,CE,Solonópole,231300.0,0.0,0
2020-03-27,CE,Tabuleiro do Norte,231310.0,0.0,0
2020-03-27,CE,Tamboril,231320.0,0.0,0
2020-03-27,CE,Tarrafas,231325.0,0.0,0
2020-03-27,CE,Tauá,231330.0,0.0,0
2020-03-27,CE,Tejuçuoca,231335.0,0.0,0
2020-03-27,CE,Tianguá,231340.0,0.0,0
2020-03-27,CE,Trairi,231350.0,0.0,0
2020-03-27,CE,Tururu,231355.0,0.0,0
2020-03-27,CE,Ubajara,231360.0,0.0,0
2020-03-27,CE,Umari,231370.0,0.0,0
2020-03-27,CE,Umirim,231375.0,0.0,0
2020-03-27,CE,Uruburetama,231380.0,0.0,0
2020-03-27,CE,Uruoca,231390.0,0.0,0
2020-03-27,CE,Varjota,231395.0,0.0,0
2020-03-27,CE,Várzea Alegre,231400.0,0.0,0
2020-03-27,CE,Viçosa do Ceará,231410.0,0.0,0
2020-03-27,DF,Brasília,530010.0,0.0,0
2020-03-27,ES,Afonso Cláudio,320010.0,0.0,0
2020-03-27,ES,Águia Branca,320013.0,0.0,0
2020-03-27,ES,Água Doce do Norte,320016.0,0.0,0
2020-03-27,ES,Alegre,320020.0,0.0,0
2020-03-27,ES,Alfredo Chaves,320030.0,0.0,0
2020-03-27,ES,Alto Rio Novo,320035.0,0.0,0
2020-03-27,ES,Anchieta,320040.0,0.0,0
2020-03-27,ES,Apiacá,320050.0,0.0,0
2020-03-27,ES,Aracruz,320060.0,0.0,0
2020-03-27,ES,Atílio Vivacqua,320070.0,0.0,0
2020-03-27,ES,Baixo Guandu,320080.0,0.0,0
2020-03-27,ES,Barra de São Francisco,320090.0,0.0,0
2020-03-27,ES,Boa Esperança,320100.0,0.0,0
2020-03-27,ES,Bom Jesus do Norte,320110.0,0.0,0
2020-03-27,ES,Brejetuba,320115.0,0.0,0
2020-03-27,ES,Cachoeiro de Itapemirim,320120.0,0.0,0
2020-03-27,ES,Cariacica,320130.0,0.0,0
2020-03-27,ES,Castelo,320140.0,0.0,0
2020-03-27,ES,Colatina,320150.0,0.0,0
2020-03-27,ES,Conceição da Barra,320160.0,0.0,0
2020-03-27,ES,Conceição do Castelo,320170.0,0.0,0
2020-03-27,ES,Divino de São Lourenço,320180.0,0.0,0
2020-03-27,ES,Domingos Martins,320190.0,0.0,0
2020-03-27,ES,Dores do Rio Preto,320200.0,0.0,0
2020-03-27,ES,Ecoporanga,320210.0,0.0,0
2020-03-27,ES,Fundão,320220.0,0.0,0
2020-03-27,ES,Governador Lindenberg,320225.0,0.0,0
2020-03-27,ES,Guaçuí,320230.0,0.0,0
2020-03-27,ES,Guarapari,320240.0,0.0,0
2020-03-27,ES,Ibatiba,320245.0,0.0,0
2020-03-27,ES,Ibiraçu,320250.0,0.0,0
2020-03-27,ES,Ibitirama,320255.0,0.0,0
2020-03-27,ES,Iconha,320260.0,0.0,0
2020-03-27,ES,Irupi,320265.0,0.0,0
2020-03-27,ES,Itaguaçu,320270.0,0.0,0
2020-03-27,ES,Itapemirim,320280.0,0.0,0
2020-03-27,ES,Itarana,320290.0,0.0,0
2020-03-27,ES,Iúna,320300.0,0.0,0
2020-03-27,ES,Jaguaré,320305.0,0.0,0
2020-03-27,ES,Jerônimo Monteiro,320310.0,0.0,0
2020-03-27,ES,João Neiva,320313.0,0.0,0
2020-03-27,ES,Laranja da Terra,320316.0,0.0,0
2020-03-27,ES,Linhares,320320.0,0.0,0
2020-03-27,ES,Mantenópolis,320330.0,0.0,0
2020-03-27,ES,Marataízes,320332.0,0.0,0
2020-03-27,ES,Marechal Floriano,320334.0,0.0,0
2020-03-27,ES,Marilândia,320335.0,0.0,0
2020-03-27,ES,Mimoso do Sul,320340.0,0.0,0
2020-03-27,ES,Montanha,320350.0,0.0,0
2020-03-27,ES,Mucurici,320360.0,0.0,0
2020-03-27,ES,Muniz Freire,320370.0,0.0,0
2020-03-27,ES,Muqui,320380.0,0.0,0
2020-03-27,ES,Nova Venécia,320390.0,0.0,0
2020-03-27,ES,Pancas,320400.0,0.0,0
2020-03-27,ES,Pedro Canário,320405.0,0.0,0
2020-03-27,ES,Pinheiros,320410.0,0.0,0
2020-03-27,ES,Piúma,320420.0,0.0,0
2020-03-27,ES,Ponto Belo,320425.0,0.0,0
2020-03-27,ES,Presidente Kennedy,320430.0,0.0,0
2020-03-27,ES,Rio Bananal,320435.0,0.0,0
2020-03-27,ES,Rio Novo do Sul,320440.0,0.0,0
2020-03-27,ES,Santa Leopoldina,320450.0,0.0,0
2020-03-27,ES,Santa Maria de Jetibá,320455.0,0.0,0
2020-03-27,ES,Santa Teresa,320460.0,0.0,0
2020-03-27,ES,São Domingos do Norte,320465.0,0.0,0
2020-03-27,ES,São Gabriel da Palha,320470.0,0.0,0
2020-03-27,ES,São José do Calçado,320480.0,0.0,0
2020-03-27,ES,São Mateus,320490.0,0.0,0
2020-03-27,ES,São Roque do Canaã,320495.0,0.0,0
2020-03-27,ES,Serra,320500.0,0.0,0
2020-03-27,ES,Sooretama,320501.0,0.0,0
2020-03-27,ES,Vargem Alta,320503.0,0.0,0
2020-03-27,ES,Venda Nova do Imigrante,320506.0,0.0,0
2020-03-27,ES,Viana,320510.0,0.0,0
2020-03-27,ES,Vila Pavão,320515.0,0.0,0
2020-03-27,ES,Vila Valério,320517.0,0.0,0
2020-03-27,ES,Vila Velha,320520.0,0.0,0
2020-03-27,ES,Vitória,320530.0,0.0,0
2020-03-27,GO,Abadia de Goiás,520005.0,0.0,0
2020-03-27,GO,Abadiânia,520010.0,0.0,0
2020-03-27,GO,Acreúna,520013.0,0.0,0
2020-03-27,GO,Adelândia,520015.0,0.0,0
2020-03-27,GO,Água Fria de Goiás,520017.0,0.0,0
2020-03-27,GO,Água Limpa,520020.0,0.0,0
2020-03-27,GO,Águas Lindas de Goiás,520025.0,0.0,0
2020-03-27,GO,Alexânia,520030.0,0.0,0
2020-03-27,GO,Aloândia,520050.0,0.0,0
2020-03-27,GO,Alto Horizonte,520055.0,0.0,0
2020-03-27,GO,Alto Paraíso de Goiás,520060.0,0.0,0
2020-03-27,GO,Alvorada do Norte,520080.0,0.0,0
2020-03-27,GO,Amaralina,520082.0,0.0,0
2020-03-27,GO,Americano do Brasil,520085.0,0.0,0
2020-03-27,GO,Amorinópolis,520090.0,0.0,0
2020-03-27,GO,Anápolis,520110.0,0.0,0
2020-03-27,GO,Anhanguera,520120.0,0.0,0
2020-03-27,GO,Anicuns,520130.0,0.0,0
2020-03-27,GO,Aparecida de Goiânia,520140.0,0.0,0
2020-03-27,GO,Aparecida do Rio Doce,520145.0,0.0,0
2020-03-27,GO,Aporé,520150.0,0.0,0
2020-03-27,GO,Araçu,520160.0,0.0,0
2020-03-27,GO,Aragarças,520170.0,0.0,0
2020-03-27,GO,Aragoiânia,520180.0,0.0,0
2020-03-27,GO,Araguapaz,520215.0,0.0,0
2020-03-27,GO,Arenópolis,520235.0,0.0,0
2020-03-27,GO,Aruanã,520250.0,0.0,0
2020-03-27,GO,Aurilândia,520260.0,0.0,0
2020-03-27,GO,Avelinópolis,520280.0,0.0,0
2020-03-27,GO,Baliza,520310.0,0.0,0
2020-03-27,GO,Barro Alto,520320.0,0.0,0
2020-03-27,GO,Bela Vista de Goiás,520330.0,0.0,0
2020-03-27,GO,Bom Jardim de Goiás,520340.0,0.0,0
2020-03-27,GO,Bom Jesus de Goiás,520350.0,0.0,0
2020-03-27,GO,Bonfinópolis,520355.0,0.0,0
2020-03-27,GO,Bonópolis,520357.0,0.0,0
2020-03-27,GO,Brazabrantes,520360.0,0.0,0
2020-03-27,GO,Britânia,520380.0,0.0,0
2020-03-27,GO,Buriti Alegre,520390.0,0.0,0
2020-03-27,GO,Buriti de Goiás,520393.0,0.0,0
2020-03-27,GO,Buritinópolis,520396.0,0.0,0
2020-03-27,GO,Cabeceiras,520400.0,0.0,0
2020-03-27,GO,Cachoeira Alta,520410.0,0.0,0
2020-03-27,GO,Cachoeira de Goiás,520420.0,0.0,0
2020-03-27,GO,Cachoeira Dourada,520425.0,0.0,0
2020-03-27,GO,Caçu,520430.0,0.0,0
2020-03-27,GO,Caiapônia,520440.0,0.0,0
2020-03-27,GO,Caldas Novas,520450.0,0.0,0
2020-03-27,GO,Caldazinha,520455.0,0.0,0
2020-03-27,GO,Campestre de Goiás,520460.0,0.0,0
2020-03-27,GO,Campinaçu,520465.0,0.0,0
2020-03-27,GO,Campinorte,520470.0,0.0,0
2020-03-27,GO,Campo Alegre de Goiás,520480.0,0.0,0
2020-03-27,GO,Campo Limpo de Goiás,520485.0,0.0,0
2020-03-27,GO,Campos Belos,520490.0,0.0,0
2020-03-27,GO,Campos Verdes,520495.0,0.0,0
2020-03-27,GO,Carmo do Rio Verde,520500.0,0.0,0
2020-03-27,GO,Castelândia,520505.0,0.0,0
2020-03-27,GO,Catalão,520510.0,0.0,0
2020-03-27,GO,Caturaí,520520.0,0.0,0
2020-03-27,GO,Cavalcante,520530.0,0.0,0
2020-03-27,GO,Ceres,520540.0,0.0,0
2020-03-27,GO,Cezarina,520545.0,0.0,0
2020-03-27,GO,Chapadão do Céu,520547.0,0.0,0
2020-03-27,GO,Cidade Ocidental,520549.0,0.0,0
2020-03-27,GO,Cocalzinho de Goiás,520551.0,0.0,0
2020-03-27,GO,Colinas do Sul,520552.0,0.0,0
2020-03-27,GO,Córrego do Ouro,520570.0,0.0,0
2020-03-27,GO,Corumbá de Goiás,520580.0,0.0,0
2020-03-27,GO,Corumbaíba,520590.0,0.0,0
2020-03-27,GO,Cristalina,520620.0,0.0,0
2020-03-27,GO,Cristianópolis,520630.0,0.0,0
2020-03-27,GO,Crixás,520640.0,0.0,0
2020-03-27,GO,Cromínia,520650.0,0.0,0
2020-03-27,GO,Cumari,520660.0,0.0,0
2020-03-27,GO,Damianópolis,520670.0,0.0,0
2020-03-27,GO,Damolândia,520680.0,0.0,0
2020-03-27,GO,Davinópolis,520690.0,0.0,0
2020-03-27,GO,Diorama,520710.0,0.0,0
2020-03-27,GO,Doverlândia,520725.0,0.0,0
2020-03-27,GO,Edealina,520735.0,0.0,0
2020-03-27,GO,Edéia,520740.0,0.0,0
2020-03-27,GO,Estrela do Norte,520750.0,0.0,0
2020-03-27,GO,Faina,520753.0,0.0,0
2020-03-27,GO,Fazenda Nova,520760.0,0.0,0
2020-03-27,GO,Firminópolis,520780.0,0.0,0
2020-03-27,GO,Flores de Goiás,520790.0,0.0,0
2020-03-27,GO,Formosa,520800.0,0.0,0
2020-03-27,GO,Formoso,520810.0,0.0,0
2020-03-27,GO,Gameleira de Goiás,520815.0,0.0,0
2020-03-27,GO,Divinópolis de Goiás,520830.0,0.0,0
2020-03-27,GO,Goianápolis,520840.0,0.0,0
2020-03-27,GO,Goiandira,520850.0,0.0,0
2020-03-27,GO,Goianésia,520860.0,0.0,0
2020-03-27,GO,Goiânia,520870.0,0.0,0
2020-03-27,GO,Goianira,520880.0,0.0,0
2020-03-27,GO,Goiás,520890.0,0.0,0
2020-03-27,GO,Goiatuba,520910.0,0.0,0
2020-03-27,GO,Gouvelândia,520915.0,0.0,0
2020-03-27,GO,Guapó,520920.0,0.0,0
2020-03-27,GO,Guaraíta,520929.0,0.0,0
2020-03-27,GO,Guarani de Goiás,520940.0,0.0,0
2020-03-27,GO,Guarinos,520945.0,0.0,0
2020-03-27,GO,Heitoraí,520960.0,0.0,0
2020-03-27,GO,Hidrolândia,520970.0,0.0,0
2020-03-27,GO,Hidrolina,520980.0,0.0,0
2020-03-27,GO,Iaciara,520990.0,0.0,0
2020-03-27,GO,Inaciolândia,520993.0,0.0,0
2020-03-27,GO,Indiara,520995.0,0.0,0
2020-03-27,GO,Inhumas,521000.0,0.0,0
2020-03-27,GO,Ipameri,521010.0,0.0,0
2020-03-27,GO,Ipiranga de Goiás,521015.0,0.0,0
2020-03-27,GO,Iporá,521020.0,0.0,0
2020-03-27,GO,Israelândia,521030.0,0.0,0
2020-03-27,GO,Itaberaí,521040.0,0.0,0
2020-03-27,GO,Itaguari,521056.0,0.0,0
2020-03-27,GO,Itaguaru,521060.0,0.0,0
2020-03-27,GO,Itajá,521080.0,0.0,0
